OBJECTID,STATEFP,COUNTYFP,TRACTCE,GEOID,NAME,NAMELSAD,MTFCC,FUNCSTAT,ALAND,AWATER,INTPTLAT,INTPTLON,Shape__Area,Shape__Length
1,26,163,517300,26163517300,5173,Census Tract 5173,G5020,S,839440,0,+42.3456895,-083.0505419,9034704.890625,11875.0657698977
2,26,163,518900,26163518900,5189,Census Tract 5189,G5020,S,1846190,0,+42.3526051,-083.0435163,19870142.8117676,23004.7889950426
3,26,163,513700,26163513700,5137,Census Tract 5137,G5020,S,3237672,595580,+42.3579800,-082.9612866,34846260.6887207,43670.6064347698
4,26,163,505400,26163505400,5054,Census Tract 5054,G5020,S,1390236,0,+42.4186463,-082.9937654,14962448.2451172,18230.6204339698
5,26,163,511300,26163511300,5113,Census Tract 5113,G5020,S,1513884,0,+42.4154477,-083.0497684,16293303.6098633,17942.2568180094
6,26,163,508100,26163508100,5081,Census Tract 5081,G5020,S,1574320,0,+42.4408940,-083.1014824,16943640.1948242,17815.2002652745
7,26,163,514200,26163514200,5142,Census Tract 5142,G5020,S,982297,0,+42.3817139,-083.0084252,10572151.7463379,15860.8518783014
8,26,163,516000,26163516000,5160,Census Tract 5160,G5020,S,1436083,0,+42.3714831,-083.0093250,15456171.0656738,15560.923063174
9,26,163,522500,26163522500,5225,Census Tract 5225,G5020,S,934226,0,+42.3411352,-083.0606802,10054856.7485352,12792.4973821985
10,26,163,530900,26163530900,5309,Census Tract 5309,G5020,S,1262451,0,+42.3753050,-083.1262756,13587390.6689453,15930.7666093036
11,26,163,507200,26163507200,5072,Census Tract 5072,G5020,S,754603,0,+42.4209194,-083.0737640,8121454.16796875,13071.2705363533
13,26,163,506800,26163506800,5068,Census Tract 5068,G5020,S,1748868,0,+42.4438513,-083.0676404,18822190.5800781,20149.0913183975
14,26,163,538900,26163538900,5389,Census Tract 5389,G5020,S,1286031,0,+42.4350607,-083.1513465,13840944.1455078,15762.814749328
15,26,163,513200,26163513200,5132,Census Tract 5132,G5020,S,925835,0,+42.3679737,-082.9383495,9964519.0390625,15506.5280759352
17,26,163,513900,26163513900,5139,Census Tract 5139,G5020,S,1286288,0,+42.3722151,-082.9837943,13843965.0773926,15452.3638514726
18,26,163,505700,26163505700,5057,Census Tract 5057,G5020,S,6376561,0,+42.4023635,-083.0106139,68628534.0031738,35779.4656921212
19,26,163,544800,26163544800,5448,Census Tract 5448,G5020,S,2413057,0,+42.3936977,-083.2522660,25970875.7983398,22171.2324226005
20,26,163,985800,26163985800,9858,Census Tract 9858,G5020,S,4790965,84538,+42.3661393,-083.2508895,52473878.6723633,37253.4038602169
21,26,163,547100,26163547100,5471,Census Tract 5471,G5020,S,2439854,0,+42.3717249,-083.2265775,26259432.4526367,21610.0360791294
22,26,163,546201,26163546201,5462.01,Census Tract 5462.01,G5020,S,1023861,0,+42.3474211,-083.2602262,11019599.6459961,15550.2222958038
23,26,163,543300,26163543300,5433,Census Tract 5433,G5020,S,2290491,0,+42.3853967,-083.2258694,24651753.2145996,21039.9820787843
24,26,163,547000,26163547000,5470,Census Tract 5470,G5020,S,1306018,0,+42.3718007,-083.2412514,14056300.420166,15718.453632146
25,26,163,547200,26163547200,5472,Census Tract 5472,G5020,S,2589026,0,+42.3579540,-083.2067513,27865126.2124023,21196.735277461
26,26,163,535800,26163535800,5358,Census Tract 5358,G5020,S,1960901,0,+42.3582992,-083.1895969,21104702.0634766,18540.6222680958
27,26,163,509000,26163509000,5090,Census Tract 5090,G5020,S,2334370,0,+42.4252927,-083.1013959,25123803.5771484,21745.9839006174
28,26,163,505800,26163505800,5058,Census Tract 5058,G5020,S,5608973,0,+42.4001418,-083.0316007,60367309.1152344,38041.4592352625
29,26,163,524500,26163524500,5245,Census Tract 5245,G5020,S,2822930,138012,+42.2873034,-083.1516022,31868687.9775391,25394.6309101934
30,26,163,538400,26163538400,5384,Census Tract 5384,G5020,S,1307425,0,+42.4244428,-083.1362307,14071231.8374023,15969.8195208319
31,26,163,538500,26163538500,5385,Census Tract 5385,G5020,S,1288343,0,+42.4206842,-083.1507627,13865840.4638672,15828.1015414657
32,26,163,538600,26163538600,5386,Census Tract 5386,G5020,S,1277524,0,+42.4278669,-083.1510894,13749404.2456055,15781.8740013045
33,26,163,538700,26163538700,5387,Census Tract 5387,G5020,S,1292495,0,+42.4240331,-083.1655643,13910546.4614258,15848.5745503831
34,26,163,539000,26163539000,5390,Census Tract 5390,G5020,S,1307734,0,+42.4423439,-083.1516011,14074497.2299805,15859.7737421077
35,26,163,539100,26163539100,5391,Census Tract 5391,G5020,S,622449,0,+42.4421933,-083.1662919,6699110.1171875,10433.3225962968
36,26,163,539200,26163539200,5392,Census Tract 5392,G5020,S,1809125,0,+42.4418812,-083.1852055,19470694.6347656,21106.447513018
37,26,163,539400,26163539400,5394,Census Tract 5394,G5020,S,1194131,0,+42.4258131,-083.1759425,12851903.3603516,16899.1436331064
38,26,163,539500,26163539500,5395,Census Tract 5395,G5020,S,1556189,0,+42.4198197,-083.1874311,16748595.3164063,18683.7294173728
39,26,163,539600,26163539600,5396,Census Tract 5396,G5020,S,1099066,0,+42.4267783,-083.1912708,11828801.503418,14982.5029739833
40,26,163,539700,26163539700,5397,Census Tract 5397,G5020,S,743932,0,+42.4346911,-083.1956884,8006565.515625,13307.2701579024
41,26,163,540100,26163540100,5401,Census Tract 5401,G5020,S,1234321,0,+42.4409191,-083.2101788,13284433.9057617,15140.4732888326
42,26,163,540300,26163540300,5403,Census Tract 5403,G5020,S,1288761,0,+42.4266089,-083.2094015,13870330.8027344,15747.1804462532
43,26,163,540400,26163540400,5404,Census Tract 5404,G5020,S,1277210,0,+42.4193657,-083.2091493,13746054.3041992,15722.4387836676
44,26,163,540500,26163540500,5405,Census Tract 5405,G5020,S,1389944,1895,+42.4237296,-083.2251159,14979756.953125,16240.9009325524
45,26,163,540600,26163540600,5406,Census Tract 5406,G5020,S,1197254,0,+42.4224753,-083.2339950,12885504.7036133,15409.5126361723
46,26,163,540700,26163540700,5407,Census Tract 5407,G5020,S,1291595,0,+42.4334136,-083.2291836,13900792.5390625,15871.4747753658
47,26,163,540800,26163540800,5408,Census Tract 5408,G5020,S,1278223,0,+42.4405769,-083.2294652,13756873.324707,15854.7928553199
48,26,163,540900,26163540900,5409,Census Tract 5409,G5020,S,1262476,0,+42.4401121,-083.2489699,13587409.9326172,15675.37804635
49,26,163,541200,26163541200,5412,Census Tract 5412,G5020,S,1139388,0,+42.4220120,-083.2537031,12262724.2373047,15099.884368348
50,26,163,541400,26163541400,5414,Census Tract 5414,G5020,S,2530801,3269,+42.4247924,-083.2690447,27273055.2592773,20968.7512278504
51,26,163,541700,26163541700,5417,Census Tract 5417,G5020,S,1279693,0,+42.4361333,-083.2731759,13772715.1118164,15475.8891553961
52,26,163,541800,26163541800,5418,Census Tract 5418,G5020,S,1202989,0,+42.4356241,-083.2828630,12947231.7412109,15490.7221929571
53,26,163,542100,26163542100,5421,Census Tract 5421,G5020,S,1288432,0,+42.4121495,-083.2089231,13866865.3701172,15780.8819082818
54,26,163,542200,26163542200,5422,Census Tract 5422,G5020,S,1300785,0,+42.4049237,-083.2086673,13999824.8305664,15910.6513925961
55,26,163,542300,26163542300,5423,Census Tract 5423,G5020,S,829001,0,+42.3984078,-083.2054180,8922230.55615234,14845.9832459035
56,26,163,542400,26163542400,5424,Census Tract 5424,G5020,S,685968,0,+42.3908903,-083.2036174,7382837.61645508,11257.4700397986
57,26,163,542500,26163542500,5425,Census Tract 5425,G5020,S,1068124,0,+42.3928406,-083.2133211,11495875.5087891,14468.3757124461
58,26,163,542600,26163542600,5426,Census Tract 5426,G5020,S,1379722,0,+42.3829687,-083.2077387,14849510.0322266,16089.4846544139
59,26,163,542900,26163542900,5429,Census Tract 5429,G5020,S,1290118,0,+42.3988511,-083.2261444,13885102.0537109,15519.753170988
60,26,163,543000,26163543000,5430,Census Tract 5430,G5020,S,931268,0,+42.4068185,-083.2257120,10022839.9584961,14975.1229710993
61,26,163,543100,26163543100,5431,Census Tract 5431,G5020,S,957070,0,+42.4126607,-083.2283404,10300565.1669922,14365.6874458653
62,26,163,543200,26163543200,5432,Census Tract 5432,G5020,S,1285879,0,+42.4112995,-083.2475927,13839421.6245117,16229.7875664806
63,26,163,543400,26163543400,5434,Census Tract 5434,G5020,S,1062119,0,+42.4015679,-083.2374736,11431192.0732422,15694.5360786133
64,26,163,543500,26163543500,5435,Census Tract 5435,G5020,S,934313,0,+42.4040427,-083.2498756,10055702.9848633,12898.5653424374
65,26,163,543700,26163543700,5437,Census Tract 5437,G5020,S,1343441,0,+42.3893861,-083.2386522,14459006.2353516,18497.3553000551
66,26,163,543900,26163543900,5439,Census Tract 5439,G5020,S,1237327,0,+42.3818819,-083.2494226,13316948.3571777,16912.5436814016
67,26,163,544000,26163544000,5440,Census Tract 5440,G5020,S,1009010,0,+42.3823955,-083.2671874,10859664.2597656,15078.3329973453
68,26,163,544100,26163544100,5441,Census Tract 5441,G5020,S,1844074,0,+42.3929346,-083.2685039,19847126.3168945,18149.5209357325
69,26,163,544200,26163544200,5442,Census Tract 5442,G5020,S,1277816,0,+42.4073688,-083.2619700,13752701.2631836,15912.6108855665
70,26,163,544300,26163544300,5443,Census Tract 5443,G5020,S,1915276,0,+42.4086903,-083.2749743,20613349.2978516,21664.8112351531
71,26,163,545100,26163545100,5451,Census Tract 5451,G5020,S,1150194,0,+42.3757243,-083.2071726,12379191.6115723,15075.0312305349
72,26,163,545200,26163545200,5452,Census Tract 5452,G5020,S,1266278,0,+42.3688219,-083.2070128,13628611.668457,15583.062299322
73,26,163,545500,26163545500,5455,Census Tract 5455,G5020,S,1305862,0,+42.3471357,-083.2063090,14054746.1281738,15933.2913378652
74,26,163,545600,26163545600,5456,Census Tract 5456,G5020,S,1329089,0,+42.3398996,-083.2061429,14304764.1340332,16160.6259652923
75,26,163,545800,26163545800,5458,Census Tract 5458,G5020,S,1435872,0,+42.3396079,-083.2269422,15454084.690918,17014.8444593793
76,26,163,505200,26163505200,5052,Census Tract 5052,G5020,S,1065965,0,+42.4138010,-083.0035037,11472544.1171875,16151.2075530141
77,26,163,506100,26163506100,5061,Census Tract 5061,G5020,S,922603,0,+42.4445674,-083.0320133,9929516.90625,12992.6384975997
78,26,163,506200,26163506200,5062,Census Tract 5062,G5020,S,983483,0,+42.4374798,-083.0316910,10584728.4316406,13233.5725573656
79,26,163,506300,26163506300,5063,Census Tract 5063,G5020,S,1941842,0,+42.4265855,-083.0313180,20899185.9790039,18482.6983471131
80,26,163,506400,26163506400,5064,Census Tract 5064,G5020,S,1824466,0,+42.4225998,-083.0523162,19635894.6142578,20504.5831880962
81,26,163,506500,26163506500,5065,Census Tract 5065,G5020,S,955943,0,+42.4298760,-083.0459797,10288414.4790039,13065.5780777111
82,26,163,506600,26163506600,5066,Census Tract 5066,G5020,S,1236920,0,+42.4370474,-083.0485200,13312356.6435547,15419.4790428841
83,26,163,506700,26163506700,5067,Census Tract 5067,G5020,S,935172,0,+42.4441868,-083.0465810,10064782.4970703,12974.2485482578
84,26,163,506900,26163506900,5069,Census Tract 5069,G5020,S,1208312,0,+42.4368143,-083.0671656,13004466.3496094,15452.358167579
85,26,163,507000,26163507000,5070,Census Tract 5070,G5020,S,1186007,0,+42.4296948,-083.0621938,12764480.1113281,15275.0335297138
86,26,163,507300,26163507300,5073,Census Tract 5073,G5020,S,1309886,0,+42.4262623,-083.0877401,14097687.8662109,15595.4085778774
87,26,163,507400,26163507400,5074,Census Tract 5074,G5020,S,1239599,0,+42.4362144,-083.0856365,13341211.7128906,15778.1993658918
88,26,163,507500,26163507500,5075,Census Tract 5075,G5020,S,893435,0,+42.4432547,-083.0881318,9615600.92919922,13035.1150330425
89,26,163,524700,26163524700,5247,Census Tract 5247,G5020,S,1990820,0,+42.2737260,-083.1527490,21427323.9084473,20466.0726513984
90,26,163,524800,26163524800,5248,Census Tract 5248,G5020,S,1163721,0,+42.2630721,-083.1617526,12525290.6137695,14779.7606570332
91,26,163,525400,26163525400,5254,Census Tract 5254,G5020,S,1203859,0,+42.3391838,-083.1140246,12956973.9094238,16032.8677668717
92,26,163,525800,26163525800,5258,Census Tract 5258,G5020,S,564971,0,+42.3332194,-083.1284291,6080722.12792969,11837.3417154771
93,26,163,526000,26163526000,5260,Census Tract 5260,G5020,S,1674181,0,+42.3259507,-083.1430005,18018993.2592773,18577.6869313726
94,26,163,508000,26163508000,5080,Census Tract 5080,G5020,S,1752919,0,+42.4392774,-083.1131943,18865796.9238281,19094.6900450232
95,26,163,510600,26163510600,5106,Census Tract 5106,G5020,S,1381366,0,+42.4074065,-083.0465471,14867105.6147461,20485.6340503464
96,26,163,526300,26163526300,5263,Census Tract 5263,G5020,S,1011382,0,+42.3390796,-083.1384768,10885353.7724609,13899.8253465584
97,26,163,526400,26163526400,5264,Census Tract 5264,G5020,S,567046,0,+42.3405358,-083.1309829,6102988.04101563,10833.4930405008
98,26,163,530100,26163530100,5301,Census Tract 5301,G5020,S,1309697,0,+42.4095988,-083.1216518,14095726.9379883,16754.3133310159
99,26,163,530200,26163530200,5302,Census Tract 5302,G5020,S,1440875,0,+42.4110609,-083.1341923,15507606.2700195,15927.5493225282
100,26,163,530300,26163530300,5303,Census Tract 5303,G5020,S,1579653,0,+42.4007295,-083.1307451,17001217.065918,18612.5477554987
101,26,163,526200,26163526200,5262,Census Tract 5262,G5020,S,719182,0,+42.3373011,-083.1453348,7740439.109375,13182.7846155697
102,26,163,530500,26163530500,5305,Census Tract 5305,G5020,S,750419,0,+42.3844331,-083.1340130,8076502.59619141,11730.2379981469
103,26,163,530800,26163530800,5308,Census Tract 5308,G5020,S,1152994,0,+42.3717409,-083.1339181,12409366.1257324,14989.1182025774
104,26,163,531100,26163531100,5311,Census Tract 5311,G5020,S,623803,0,+42.3748819,-083.1152689,6713804.27832031,10374.7649969037
105,26,163,531200,26163531200,5312,Census Tract 5312,G5020,S,1079280,0,+42.3788297,-083.1020097,11615956.2297363,14781.7606265447
106,26,163,531400,26163531400,5314,Census Tract 5314,G5020,S,502012,0,+42.3803842,-083.1189728,5403008.68774414,9404.63245441279
107,26,163,531700,26163531700,5317,Census Tract 5317,G5020,S,749286,0,+42.3980116,-083.1171527,8064303.19677734,11969.5712357421
108,26,163,500100,26163500100,5001,Census Tract 5001,G5020,S,1220347,0,+42.4442666,-082.9509616,13133981.7119141,16740.6669839281
109,26,163,500500,26163500500,5005,Census Tract 5005,G5020,S,813325,0,+42.4241342,-082.9679434,8753439.2578125,12354.4281588903
110,26,163,500600,26163500600,5006,Census Tract 5006,G5020,S,1467969,0,+42.4314790,-082.9653175,15799111.5649414,16575.6992987403
111,26,163,500700,26163500700,5007,Census Tract 5007,G5020,S,1219624,0,+42.4296143,-082.9473354,13126234.2172852,15136.6964964615
112,26,163,500200,26163500200,5002,Census Tract 5002,G5020,S,939778,0,+42.4461070,-082.9633179,10114355.8657227,13301.8054886804
113,26,163,500300,26163500300,5003,Census Tract 5003,G5020,S,1284678,0,+42.4388723,-082.9656436,13826365.378418,16123.9949964687
114,26,163,500400,26163500400,5004,Census Tract 5004,G5020,S,987878,0,+42.4261558,-082.9793388,10632101.6386719,15285.4803681397
115,26,163,500800,26163500800,5008,Census Tract 5008,G5020,S,804943,0,+42.4246567,-082.9351961,8663231.10449219,11710.1921492472
116,26,163,500900,26163500900,5009,Census Tract 5009,G5020,S,1166241,0,+42.4223547,-082.9475915,12551737.418457,17621.0679189463
117,26,163,501000,26163501000,5010,Census Tract 5010,G5020,S,896017,0,+42.4187277,-082.9515643,9643429.24951172,15975.2934531554
118,26,163,501100,26163501100,5011,Census Tract 5011,G5020,S,1235513,0,+42.4128318,-082.9601613,13297346.7919922,16719.328007343
119,26,163,501200,26163501200,5012,Census Tract 5012,G5020,S,687520,0,+42.4114378,-082.9513106,7399532.75927734,11273.2454649856
120,26,163,501300,26163501300,5013,Census Tract 5013,G5020,S,1235359,0,+42.4033691,-082.9505464,13295735.1650391,14815.917918306
121,26,163,501400,26163501400,5014,Census Tract 5014,G5020,S,1272724,0,+42.4091565,-082.9385211,13697792.230957,16103.5545177139
122,26,163,985100,26163985100,9851,Census Tract 9851,G5020,S,3511659,0,+42.3809730,-083.0524956,31485575.7634277,36240.7050311033
123,26,163,511200,26163511200,5112,Census Tract 5112,G5020,S,1307661,0,+42.3762752,-083.0658891,14074007.5976563,18005.0972630712
124,26,163,511900,26163511900,5119,Census Tract 5119,G5020,S,1152679,0,+42.3735241,-083.0718813,12405993.3208008,17631.1517210274
125,26,163,523100,26163523100,5231,Census Tract 5231,G5020,S,1492848,0,+42.3259469,-083.1024641,16067381.9064941,19334.7994433154
126,26,163,523400,26163523400,5234,Census Tract 5234,G5020,S,751956,0,+42.3197640,-083.0911775,8093211.28540039,11981.202021851
127,26,163,522300,26163522300,5223,Census Tract 5223,G5020,S,1627168,0,+42.3565859,-083.0964450,17512836.3061523,17720.6552863095
128,26,163,524200,26163524200,5242,Census Tract 5242,G5020,S,864528,0,+42.3070018,-083.1291089,9304873.52172852,13336.5663775796
129,26,163,524300,26163524300,5243,Census Tract 5243,G5020,S,1588873,51534,+42.3001177,-083.1320379,17655640.8149414,24566.8923667833
130,26,163,501600,26163501600,5016,Census Tract 5016,G5020,S,1218677,0,+42.4129438,-082.9207135,13116128.1240234,18578.4515359945
131,26,163,501500,26163501500,5015,Census Tract 5015,G5020,S,1602802,0,+42.4183458,-082.9264929,17250239.9135742,17367.9595060636
132,26,163,501700,26163501700,5017,Census Tract 5017,G5020,S,1199561,0,+42.4042423,-082.9212936,12910430.5883789,16733.1247274331
133,26,163,502000,26163502000,5020,Census Tract 5020,G5020,S,894349,0,+42.3932939,-082.9469658,9625562.43408203,13137.3637586375
134,26,163,531800,26163531800,5318,Census Tract 5318,G5020,S,868851,0,+42.3903871,-083.1146956,9351135.94458008,12326.508884917
135,26,163,531900,26163531900,5319,Census Tract 5319,G5020,S,707420,0,+42.3902305,-083.1062981,7613724.26416016,14753.8025007214
136,26,163,532600,26163532600,5326,Census Tract 5326,G5020,S,706592,0,+42.3689496,-083.0885606,7604829.75854492,11067.9251033553
137,26,163,533000,26163533000,5330,Census Tract 5330,G5020,S,744042,0,+42.3655268,-083.0976621,8007929.90893555,11304.097400549
138,26,163,533100,26163533100,5331,Census Tract 5331,G5020,S,610243,0,+42.3718956,-083.1019312,6567855.68701172,10265.6543743911
139,26,163,526100,26163526100,5261,Census Tract 5261,G5020,S,688764,0,+42.3335112,-083.1520926,7413082.34545898,11315.7207209124
140,26,163,533200,26163533200,5332,Census Tract 5332,G5020,S,626351,0,+42.3687113,-083.1111289,6741243.39135742,10390.1298922839
141,26,163,533300,26163533300,5333,Census Tract 5333,G5020,S,690232,0,+42.3621943,-083.1067231,7428817.81665039,10959.8331194762
142,26,163,533400,26163533400,5334,Census Tract 5334,G5020,S,1188723,0,+42.3634864,-083.1190407,12793935.7111816,16506.3262823969
143,26,163,533600,26163533600,5336,Census Tract 5336,G5020,S,917094,0,+42.3564277,-083.1215622,9870470.58496094,12970.6103283377
144,26,163,534100,26163534100,5341,Census Tract 5341,G5020,S,763227,0,+42.3750600,-083.1423228,8214448.23681641,12902.2211961271
145,26,163,516800,26163516800,5168,Census Tract 5168,G5020,S,983254,0,+42.3560005,-083.0254934,10582574.8339844,15893.66036223
146,26,163,516900,26163516900,5169,Census Tract 5169,G5020,S,624470,0,+42.3446894,-083.0301945,6721045.51196289,11025.5349901444
147,26,163,517000,26163517000,5170,Census Tract 5170,G5020,S,566846,0,+42.3408565,-083.0360646,6100876.43334961,10493.68010992
148,26,163,517100,26163517100,5171,Census Tract 5171,G5020,S,280685,0,+42.3358286,-083.0330441,3020972.26855469,7298.60144422716
149,26,163,517200,26163517200,5172,Census Tract 5172,G5020,S,1633402,447536,+42.3338393,-083.0390113,17580103.7912598,22747.9357648043
150,26,163,516700,26163516700,5167,Census Tract 5167,G5020,S,1189862,0,+42.3484065,-083.0209748,12806243.9697266,15333.3619388018
151,26,163,517500,26163517500,5175,Census Tract 5175,G5020,S,1101314,0,+42.3541327,-083.0560746,11853194.2792969,13910.85240918
152,26,163,518000,26163518000,5180,Census Tract 5180,G5020,S,851149,0,+42.3624987,-083.0613713,9160716.62475586,12281.8016373404
153,26,163,524600,26163524600,5246,Census Tract 5246,G5020,S,6227916,218299,+42.2958617,-083.1129672,69380613.697998,48050.569403492
154,26,163,546301,26163546301,5463.01,Census Tract 5463.01,G5020,S,590796,0,+42.3690251,-083.2638106,6358573.26342773,16166.3744172476
155,26,163,531501,26163531501,5315.01,Census Tract 5315.01,G5020,S,489587,0,+42.3856550,-083.1242343,5269262.95678711,12332.9454835677
156,26,163,984100,26163984100,9841,Census Tract 9841,G5020,S,1452015,955309,+42.2978126,-083.0970495,15859130.4262695,26646.6619744699
157,26,163,538800,26163538800,5388,Census Tract 5388,G5020,S,660940,0,+42.4350112,-083.1659257,7113397.44042969,10655.6874231118
158,26,163,525700,26163525700,5257,Census Tract 5257,G5020,S,1248592,0,+42.3271713,-083.1264272,13438449.9384766,15535.8324034038
159,26,163,545700,26163545700,5457,Census Tract 5457,G5020,S,1090922,0,+42.3328249,-083.2242509,11741429.651123,16572.5694540735
160,26,163,514100,26163514100,5141,Census Tract 5141,G5020,S,1609640,0,+42.3798303,-082.9893988,17324027.0554199,16882.5625820896
161,26,163,520200,26163520200,5202,Census Tract 5202,G5020,S,800366,0,+42.3572483,-083.0697826,8614168.73876953,11783.6489913133
162,26,163,520400,26163520400,5204,Census Tract 5204,G5020,S,410042,0,+42.3481507,-083.0675934,4413219.25488281,9333.0940144149
163,26,163,520700,26163520700,5207,Census Tract 5207,G5020,S,767825,0,+42.3347157,-083.0554514,8263986.89135742,12437.9043307592
164,26,163,520800,26163520800,5208,Census Tract 5208,G5020,S,1286045,755202,+42.3254678,-083.0537969,13841627.1462402,20494.0266351442
165,26,163,985300,26163985300,9853,Census Tract 9853,G5020,S,1081123,403980,+42.3203926,-083.0701382,11636027.9289551,17803.9772207846
166,26,163,521100,26163521100,5211,Census Tract 5211,G5020,S,1629036,197319,+42.3204735,-083.0806902,17533118.1501465,19565.299704653
167,26,163,501800,26163501800,5018,Census Tract 5018,G5020,S,1440312,0,+42.3983391,-082.9316723,15501559.3530273,15943.6328363094
168,26,163,541300,26163541300,5413,Census Tract 5413,G5020,S,1283775,0,+42.4215787,-083.2821395,13816750.5151367,15740.5487085226
169,26,163,523800,26163523800,5238,Census Tract 5238,G5020,S,1354366,0,+42.3083210,-083.1138730,14576936.1955566,19764.9912792049
170,26,163,534400,26163534400,5344,Census Tract 5344,G5020,S,926769,0,+42.3693259,-083.1588593,9974560.29223633,14537.3049044493
171,26,163,521400,26163521400,5214,Census Tract 5214,G5020,S,1305479,0,+42.3305957,-083.0730278,14050672.791748,18122.2088619703
172,26,163,521500,26163521500,5215,Census Tract 5215,G5020,S,1508826,0,+42.3368524,-083.0763994,16239290.3283691,18915.4927536522
173,26,163,521800,26163521800,5218,Census Tract 5218,G5020,S,226392,0,+42.3461442,-083.0712517,2436633.68310547,6900.03201325664
174,26,163,521900,26163521900,5219,Census Tract 5219,G5020,S,1710919,0,+42.3504708,-083.0804327,18414208.0422363,20781.3037944529
175,26,163,531300,26163531300,5313,Census Tract 5313,G5020,S,579536,0,+42.3833022,-083.1097921,6237339.75439453,10023.5440815576
176,26,163,539300,26163539300,5393,Census Tract 5393,G5020,S,1314762,0,+42.4348464,-083.1809085,14150134.8325195,16594.1238595359
177,26,163,502600,26163502600,5026,Census Tract 5026,G5020,S,2535713,0,+42.3970225,-082.9707685,27290943.8574219,22346.1624048791
179,26,163,527900,26163527900,5279,Census Tract 5279,G5020,S,2108905,0,+42.3492031,-083.1151167,22697750.0480957,22082.9686986372
180,26,163,502700,26163502700,5027,Census Tract 5027,G5020,S,1795451,0,+42.3897423,-082.9606007,19323870.894043,19193.3685245992
181,26,163,984200,26163984200,9842,Census Tract 9842,G5020,S,1006175,0,+42.3200109,-083.1203443,10829363.2563477,14251.8801325367
182,26,163,512800,26163512800,5128,Census Tract 5128,G5020,S,2897429,0,+42.3786648,-082.9531421,31184114.5214844,22455.2445442315
183,26,163,519300,26163519300,5193,Census Tract 5193,G5020,S,1184372,0,+42.3627136,-083.0169969,12747100.1430664,15809.2706539853
184,26,163,513800,26163513800,5138,Census Tract 5138,G5020,S,1843805,0,+42.3648857,-082.9856347,19844404.972168,23443.7324389956
185,26,163,523300,26163523300,5233,Census Tract 5233,G5020,S,685643,0,+42.3173330,-083.0976000,7379534.90771484,11693.6273159809
186,26,163,507100,26163507100,5071,Census Tract 5071,G5020,S,1079667,0,+42.4277494,-083.0763573,11619909.8725586,13917.0539957239
187,26,163,531600,26163531600,5316,Census Tract 5316,G5020,S,559379,0,+42.3941530,-083.1282997,6020391.74707031,9803.17823957272
188,26,163,520300,26163520300,5203,Census Tract 5203,G5020,S,451112,0,+42.3497880,-083.0627334,4855243.65795898,9324.02699906098
189,26,163,515300,26163515300,5153,Census Tract 5153,G5020,S,795123,0,+42.3532901,-083.0005510,8557750.78417969,11785.9940530478
190,26,163,541100,26163541100,5411,Census Tract 5411,G5020,S,1431843,0,+42.4222559,-083.2439581,15410259.4462891,16371.6552335427
191,26,163,504000,26163504000,5040,Census Tract 5040,G5020,S,632070,0,+42.4169793,-082.9776759,6802681.79052734,10410.0990619698
192,26,163,516400,26163516400,5164,Census Tract 5164,G5020,S,1030498,0,+42.3508558,-083.0096137,11091026.5678711,13910.0424094934
193,26,163,535700,26163535700,5357,Census Tract 5357,G5020,S,654044,0,+42.3624296,-083.1629486,7039294.44042969,10581.0115847094
194,26,163,503300,26163503300,5033,Census Tract 5033,G5020,S,1298176,0,+42.4383158,-082.9950446,13971643.9663086,15869.5790404496
195,26,163,530400,26163530400,5304,Census Tract 5304,G5020,S,445674,0,+42.3909517,-083.1361282,4796615.50415039,9033.35795296534
196,26,163,541000,26163541000,5410,Census Tract 5410,G5020,S,1284427,0,+42.4329511,-083.2487283,13823739.6069336,15758.3277743262
197,26,163,523200,26163523200,5232,Census Tract 5232,G5020,S,855806,0,+42.3144562,-083.1042425,9211009.12280273,12645.1846939454
198,26,163,532400,26163532400,5324,Census Tract 5324,G5020,S,546624,0,+42.3784502,-083.0840723,5883131.53833008,9711.94242980936
199,26,163,532700,26163532700,5327,Census Tract 5327,G5020,S,585117,0,+42.3752477,-083.0927712,6297442.22802734,10082.710495234
200,26,163,533800,26163533800,5338,Census Tract 5338,G5020,S,1343587,0,+42.3590520,-083.1326543,14460673.5471191,18461.1710259654
201,26,163,509100,26163509100,5091,Census Tract 5091,G5020,S,2826911,0,+42.4123876,-083.0723817,30424901.972168,23180.0342624204
202,26,163,531502,26163531502,5315.02,Census Tract 5315.02,G5020,S,376393,0,+42.3889727,-083.1226880,4051005.55175781,8228.39643882361
203,26,163,524101,26163524101,5241.01,Census Tract 5241.01,G5020,S,1131826,8689,+42.3113650,-083.1373320,12275282.0070801,19300.4165033361
204,26,163,525900,26163525900,5259,Census Tract 5259,G5020,S,1637272,0,+42.3313677,-083.1104128,17621726.0300293,16785.9715122552
205,26,163,524001,26163524001,5240.01,Census Tract 5240.01,G5020,S,670236,0,+42.3134546,-083.1208841,7213730.40698242,13871.4527191717
206,26,163,522800,26163522800,5228,Census Tract 5228,G5020,S,2060372,0,+42.3390849,-083.0974346,22175435.9331055,22759.2855803757
207,26,163,532100,26163532100,5321,Census Tract 5321,G5020,S,1376061,0,+42.3862563,-083.0915745,14810085.8803711,15511.2715450167
208,26,163,519100,26163519100,5191,Census Tract 5191,G5020,S,1876167,0,+42.3713834,-083.0400057,20192665.6369629,18480.2541065525
209,26,163,519000,26163519000,5190,Census Tract 5190,G5020,S,2157806,0,+42.3614292,-083.0345625,23223986.3850098,20118.4619926718
210,26,163,519200,26163519200,5192,Census Tract 5192,G5020,S,2631928,0,+42.3792326,-083.0215533,28326631.1569824,25729.6931222407
211,26,163,534800,26163534800,5348,Census Tract 5348,G5020,S,2025767,0,+42.3613623,-083.1446062,21802873.7138672,21893.6789293055
212,26,163,505600,26163505600,5056,Census Tract 5056,G5020,S,3046129,0,+42.4297157,-083.0119004,32783980.2880859,27943.8488988315
213,26,163,535100,26163535100,5351,Census Tract 5351,G5020,S,968596,0,+42.3694730,-083.1753524,10424738.1318359,13219.8379002625
214,26,163,546000,26163546000,5460,Census Tract 5460,G5020,S,1279812,0,+42.3540965,-083.2261440,13774311.8701172,15703.8620656391
215,26,163,540200,26163540200,5402,Census Tract 5402,G5020,S,1269622,0,+42.4338341,-083.2097037,13664323.6074219,15714.1082899721
216,26,163,501900,26163501900,5019,Census Tract 5019,G5020,S,742662,0,+42.3952603,-082.9401000,7993010.45947266,12635.4636470353
217,26,163,534200,26163534200,5342,Census Tract 5342,G5020,S,1779219,0,+42.3800972,-083.1559884,19149183.1660156,19177.8961983556
218,26,163,534300,26163534300,5343,Census Tract 5343,G5020,S,763642,0,+42.3749304,-083.1627768,8218838.93115234,14175.0969551514
219,26,163,534700,26163534700,5347,Census Tract 5347,G5020,S,1073921,0,+42.3591263,-083.1538569,11558361.076416,15050.7275819018
220,26,163,535000,26163535000,5350,Census Tract 5350,G5020,S,1279240,0,+42.3603974,-083.1762244,13768152.6279297,18443.6150806435
221,26,163,535200,26163535200,5352,Census Tract 5352,G5020,S,1451109,0,+42.3784794,-083.1754020,15617832.984375,15865.8588342109
222,26,163,535300,26163535300,5353,Census Tract 5353,G5020,S,1980681,0,+42.3729075,-083.1899647,21317548.576416,19393.7510250264
223,26,163,535600,26163535600,5356,Census Tract 5356,G5020,S,1294682,0,+42.3550990,-083.1675688,13934376.1928711,15863.7669747066
224,26,163,536100,26163536100,5361,Census Tract 5361,G5020,S,1295102,0,+42.4134412,-083.1504213,13938656.5615234,15795.6417808149
225,26,163,536200,26163536200,5362,Census Tract 5362,G5020,S,672847,0,+42.4127063,-083.1641142,7241583.60253906,12726.163137125
226,26,163,536300,26163536300,5363,Census Tract 5363,G5020,S,1284522,0,+42.4061973,-083.1501123,13824828.7724609,15768.388525977
227,26,163,536400,26163536400,5364,Census Tract 5364,G5020,S,1289590,0,+42.3989571,-083.1498100,13879380.3164063,15787.5720440077
228,26,163,536500,26163536500,5365,Census Tract 5365,G5020,S,1196846,0,+42.3882723,-083.1442257,12881278.1025391,15210.9786066473
229,26,163,536600,26163536600,5366,Census Tract 5366,G5020,S,1820776,0,+42.3902228,-083.1586686,19596393.8361816,18926.5201343225
230,26,163,536700,26163536700,5367,Census Tract 5367,G5020,S,643751,0,+42.3987581,-083.1643604,6928453.72216797,10525.5219201469
231,26,163,536800,26163536800,5368,Census Tract 5368,G5020,S,634685,0,+42.4064903,-083.1658850,6830889.87255859,12435.5249901458
232,26,163,536900,26163536900,5369,Census Tract 5369,G5020,S,974586,0,+42.4129308,-083.1776478,10489092.1835938,13050.9377350534
233,26,163,537000,26163537000,5370,Census Tract 5370,G5020,S,1006724,0,+42.4057432,-083.1771291,10834958.8632813,13470.4940556741
234,26,163,537100,26163537100,5371,Census Tract 5371,G5020,S,1140778,0,+42.3979605,-083.1764870,12277778.253418,14813.5270492344
235,26,163,537200,26163537200,5372,Census Tract 5372,G5020,S,1160085,0,+42.3883037,-083.1758674,12485590.0532227,14006.2112020126
236,26,163,537300,26163537300,5373,Census Tract 5373,G5020,S,1288430,0,+42.3850094,-083.1918826,13866988.2189941,15411.1550261359
237,26,163,537500,26163537500,5375,Census Tract 5375,G5020,S,939987,0,+42.4053507,-083.1917756,10116746.8706055,12946.2197962771
238,26,163,537600,26163537600,5376,Census Tract 5376,G5020,S,950450,0,+42.4126360,-083.1920648,10229306.9375,12963.4866630397
239,26,163,537700,26163537700,5377,Census Tract 5377,G5020,S,944672,0,+42.3980970,-083.1914647,10167170.246582,12958.663828982
240,26,163,537800,26163537800,5378,Census Tract 5378,G5020,S,828955,0,+42.3918934,-083.1876893,8921773.54980469,14059.5991083108
241,26,163,538100,26163538100,5381,Census Tract 5381,G5020,S,1490035,4172,+42.4413341,-083.1269354,16081422.8071289,17417.9805155062
242,26,163,538200,26163538200,5382,Census Tract 5382,G5020,S,1446559,0,+42.4349431,-083.1297305,15568648.9838867,18863.0004078825
243,26,163,538300,26163538300,5383,Census Tract 5383,G5020,S,2779942,16455,+42.4269590,-083.1237435,30096378.3969727,22611.7330818678
244,26,163,985200,26163985200,9852,Census Tract 9852,G5020,S,2436035,0,+42.3785775,-082.9715216,26218291.7446289,22529.9063635742
245,26,163,545900,26163545900,5459,Census Tract 5459,G5020,S,1277720,0,+42.3468702,-083.2258371,13751877.8259277,15741.4008134897
246,26,163,546100,26163546100,5461,Census Tract 5461,G5020,S,1265971,0,+42.3508568,-083.2405854,13625358.2026367,16001.2128870162
247,26,163,546700,26163546700,5467,Census Tract 5467,G5020,S,1278386,0,+42.3613063,-083.2262460,13759014.9777832,15810.4404978994
248,26,163,516600,26163516600,5166,Census Tract 5166,G5020,S,691087,0,+42.3413645,-083.0201886,7438051.56835938,14034.0963436934
249,26,163,522000,26163522000,5220,Census Tract 5220,G5020,S,1605640,0,+42.3435761,-083.0875927,17281204.380127,18787.0957914044
250,26,163,503100,26163503100,5031,Census Tract 5031,G5020,S,980515,0,+42.4461390,-082.9778892,10552809.1240234,13748.1310387142
251,26,163,503200,26163503200,5032,Census Tract 5032,G5020,S,1271319,0,+42.4454982,-082.9953169,13682612.4526367,15785.4802970009
252,26,163,503400,26163503400,5034,Census Tract 5034,G5020,S,670279,0,+42.4389974,-082.9801546,7213875.1796875,11076.2370773978
253,26,163,503500,26163503500,5035,Census Tract 5035,G5020,S,1615230,0,+42.4312541,-082.9922640,17383979.5756836,18782.0593734883
254,26,163,503600,26163503600,5036,Census Tract 5036,G5020,S,738902,0,+42.4249818,-082.9967805,7952469.88330078,15093.0852502452
255,26,163,503900,26163503900,5039,Census Tract 5039,G5020,S,983950,0,+42.4134536,-082.9873463,10589836.9243164,15005.4757158371
256,26,163,504100,26163504100,5041,Census Tract 5041,G5020,S,738734,0,+42.4153882,-082.9679696,7950690.47509766,15562.9603710515
257,26,163,504200,26163504200,5042,Census Tract 5042,G5020,S,1006231,0,+42.4081536,-082.9717594,10829658.9042969,13658.0048336901
258,26,163,504300,26163504300,5043,Census Tract 5043,G5020,S,946108,0,+42.4055763,-082.9803156,10182564.5966797,13358.180964664
259,26,163,504400,26163504400,5044,Census Tract 5044,G5020,S,961972,0,+42.4030860,-082.9892904,10353333.3486328,13381.0444679911
260,26,163,505100,26163505100,5051,Census Tract 5051,G5020,S,2108697,0,+42.4403142,-083.0180824,22694911.0922852,24268.8074604941
261,26,163,514300,26163514300,5143,Census Tract 5143,G5020,S,2019116,0,+42.3888617,-082.9934056,21731061.6030273,21467.9241262323
262,26,163,514500,26163514500,5145,Census Tract 5145,G5020,S,563936,0,+42.3753160,-082.9999028,6069473.19116211,10649.5438598612
263,26,163,515200,26163515200,5152,Census Tract 5152,G5020,S,929503,0,+42.3616626,-083.0056672,10004015.7419434,12740.2198336203
264,26,163,515400,26163515400,5154,Census Tract 5154,G5020,S,902465,0,+42.3609676,-082.9963793,9712985.7265625,15915.329437808
265,26,163,515700,26163515700,5157,Census Tract 5157,G5020,S,1208072,1059776,+42.3530598,-082.9871415,13002225.5952148,23239.40022132
266,26,163,516500,26163516500,5165,Census Tract 5165,G5020,S,1338856,1045874,+42.3373711,-083.0153019,14409878.5800781,22720.4462429189
267,26,163,526500,26163526500,5265,Census Tract 5265,G5020,S,971612,0,+42.3481772,-083.1404328,10457248.3029785,13859.4633043548
268,26,163,541500,26163541500,5415,Census Tract 5415,G5020,S,1239092,0,+42.4362189,-083.2633513,13335724.7548828,15494.2998532592
269,26,163,546600,26163546600,5466,Census Tract 5466,G5020,S,725856,0,+42.3610566,-083.2415451,7812216.68481445,11203.2839122661
270,26,163,985900,26163985900,9859,Census Tract 9859,G5020,S,627022,0,+42.3662552,-083.0526454,6748470.82446289,10642.3284174496
271,26,163,985000,26163985000,9850,Census Tract 9850,G5020,S,817823,0,+42.3447553,-083.1270716,8802059.73291016,15995.0032860416
272,26,163,533900,26163533900,5339,Census Tract 5339,G5020,S,1353247,0,+42.3685174,-083.0774348,14564577.5119629,16772.2473258674
273,26,163,985500,26163985500,9855,Census Tract 9855,G5020,S,3390101,3089215,+42.3413127,-082.9796058,33106073.1276855,49500.7293950627
274,26,163,511400,26163511400,5114,Census Tract 5114,G5020,S,1952252,0,+42.3900741,-083.0776625,21011402.5356445,18240.218190606
275,26,163,522400,26163522400,5224,Census Tract 5224,G5020,S,961473,0,+42.3609674,-083.0833585,10348070.2421875,12846.6932963795
276,26,163,981700,26163981700,9817,Census Tract 9817,G5020,S,838166,0,+42.4030773,-083.0794110,2326636.10400391,7071.29400563973
277,26,163,981800,26163981800,9818,Census Tract 9818,G5020,S,611991,0,+42.3759766,-083.2692462,1992411.73925781,6079.22997872975
278,26,163,985500,26163985500,9855,Census Tract 9855,G5020,S,3390101,3089215,+42.3413127,-082.9796058,831271.707519531,10173.6718084064
279,26,163,985500,26163985500,9855,Census Tract 9855,G5020,S,3390101,3089215,+42.3413127,-082.9796058,1412980.16650391,6538.86334281215
280,26,163,985500,26163985500,9855,Census Tract 9855,G5020,S,3390101,3089215,+42.3413127,-082.9796058,2903795.79833984,7413.20261735626
281,26,163,985500,26163985500,9855,Census Tract 9855,G5020,S,3390101,3089215,+42.3413127,-082.9796058,3925791.53686523,12744.8909096595
282,26,163,513300,26163513300,5133,Census Tract 5133,G5020,S,1619457,1704615,+42.3582553,-082.9411858,17429847.7216797,25557.9129428479
284,26,163,983600,26163983600,9836,Census Tract 9836,G5020,S,1899454,0,+42.3189562,-083.1464076,7496197.84301758,16322.1011759664
